{
    "SCP_SETTING_spoofTemperatureC": false,
    "SCP_SETTING_lockscrenSnapIcon": false,
    "SCP_SETTING_disableScreenshotNotification": true,
    "SCP_SETTING_spoofTemperatureF": false,
    "SCP_SETTING_shareChatText": true,
    "SCP_SETTING_spoofTemperatureFValue": 150,
    "SCP_SETTING_alwaysKeepSnaps": true,
    "SCP_SETTING_alwaysKeepGroupSnaps": true,
    "SCP_SETTING_scFakeLatitude": 39,
    "SCP_SETTING_chatBlockButton": true,
    "SCP_SETTING_disableIsTyping": true,
    "SCP_SETTING_spoofSpeedMiles": true,
    "SCP_SETTING_dontSendStoryReadRequest": true,
    "SCP_SETTING_alwaysShowFeedSublabels": true,
    "SCP_SETTING_clearBadgesOnExit": true,
    "SCP_SETTING_spoofTemperatureCValue": 300,
    "SCP_SETTING_disableCameraShutterSound": false,
    "SCP_SETTING_imageEditing": true,
    "SCP_SETTING_saveTextMessages": true,
    "SCP_SETTING_spoofSpeedKilometers": true,
    "SCP_SETTING_spoofSpeedKilometersValue": 350,
    "SCP_SETTING_spoofSpeedMilesValue": 600,
    "SCP_SETTING_hideLiveStories": false,
    "SCP_SETTING_scFakeLongitude": -116,
    "SCP_SETTING_hideDiscoverSection": false,
    "SCP_SETTING_scpp_adsMessageShown": false,
    "SCP_SETTING_sc_mohadu_message_shown": false,
    "SCP_SETTING_enabledDefaultFaces": false,
    "SCP_SETTING_enabledCustomFaces": false,
    "SCP_SETTING_enabledLockedFaces": false,
    "SCP_SETTING_enabledCustomFilters": true,
    "SCP_SETTING_previewFilters": false,
    "SCP_SETTING_disableStoriesAutoAdvance": false,
    "SCP_SETTING_disableStoryRedesign": false,
    "SCP_SETTING_disableNewTabBar": false,
    "SCP_SETTING_mutedUsersEnabled": false,
    "SCP_SETTING_disableEventLogging": true,
    "SCP_SETTING_allowLocationSpoofing": false,
    "SCP_SETTING_disableCameraTenSecLimit": false,
    "SCP_SETTING_showStoriesTimer": false,
    "SCP_SETTING_mutedUsers": [],
    "SCP_SETTING_typingWhitelistedUsers": [],
    "SCP_SETTING_typingBlacklistedUsers": []
}
