[
  {
    "name": "Tokyo",
    "longitude": 139.77,
    "latitude": 35.67
  },
  {
    "name": "Jakarta",
    "longitude": 106.83,
    "latitude": -6.18
  },
  {
    "name": "Delhi",
    "longitude": 77.21,
    "latitude": 28.67
  },
  {
    "name": "Manila",
    "longitude": 120.97,
    "latitude": 14.62
  },
  {
    "name": "Seoul",
    "longitude": 126.99,
    "latitude": 37.56
  },
  {
    "name": "Shanghai",
    "longitude": 121.47,
    "latitude": 31.23
  },
  {
    "name": "Karachi",
    "longitude": 67.01,
    "latitude": 24.86
  },
  {
    "name": "New York",
    "longitude": -73.94,
    "latitude": 40.67
  },
  {
    "name": "São Paulo",
    "longitude": -46.63,
    "latitude": -23.53
  },
  {
    "name": "Mexico City",
    "longitude": -99.14,
    "latitude": 19.43
  },
  {
    "name": "Navi Mumbai",
    "longitude": 73.06,
    "latitude": 19.11
  },
  {
    "name": "Osaka",
    "longitude": 135.5,
    "latitude": 34.68
  },
  {
    "name": "Moscow",
    "longitude": 37.62,
    "latitude": 55.75
  },
  {
    "name": "Dhaka",
    "longitude": 90.39,
    "latitude": 23.7
  },
  {
    "name": "Cairo",
    "longitude": 31.25,
    "latitude": 30.06
  },
  {
    "name": "Los Angeles",
    "longitude": -118.41,
    "latitude": 34.11
  },
  {
    "name": "Bangkok",
    "longitude": 100.5,
    "latitude": 13.73
  },
  {
    "name": "Buenos Aires",
    "longitude": -58.37,
    "latitude": -34.61
  },
  {
    "name": "Tehran",
    "longitude": 51.43,
    "latitude": 35.67
  },
  {
    "name": "Istanbul",
    "longitude": 29,
    "latitude": 41.1
  },
  {
    "name": "Rio de Janeiro",
    "longitude": -43.2,
    "latitude": -22.91
  },
  {
    "name": "Paris",
    "longitude": 2.34,
    "latitude": 48.86
  },
  {
    "name": "Lima",
    "longitude": -77.05,
    "latitude": -12.07
  },
  {
    "name": "London",
    "longitude": -0.1,
    "latitude": 51.52
  },
  {
    "name": "Chicago",
    "longitude": -87.68,
    "latitude": 41.84
  },
  {
    "name": "Ho Chi Minh City",
    "longitude": 106.69,
    "latitude": 10.78
  },
  {
    "name": "Toronto",
    "longitude": -79.38,
    "latitude": 43.65
  },
    {
    "name": "Santa Monica",
    "longitude": -118.4911912,
    "latitude": 34.0194543
  },
  {
    "name": "Dallas",
    "longitude": -96.77,
    "latitude": 32.79
  },
  {
    "name": "Madrid",
    "longitude": -3.71,
    "latitude": 40.42
  },
  {
    "name": "San Francisco",
    "longitude": -122.45,
    "latitude": 37.77
  },
  {
    "name": "Houston",
    "longitude": -95.39,
    "latitude": 29.77
  },
  {
    "name": "Philadelphia",
    "longitude": -75.13,
    "latitude": 40.01
  },
  {
    "name": "Atlanta",
    "longitude": -84.42,
    "latitude": 33.76
  },
  {
    "name": "Phoenix",
    "longitude": -112.07,
    "latitude": 33.54
  },
  {
    "name": "Rome",
    "longitude": 12.5,
    "latitude": 41.89
  }
]